{"cameraMode":{"drawMode":0,"name":"Shaded","section":"Shading Mode"},"sceneLighting":false,"audioPlay":false,"sceneViewState":{"showFog":false,"showMaterialUpdate":false,"showSkybox":false,"showFlares":false,"showImageEffects":false,"showParticleSystems":false},"in2DMode":false,"pivot":{"x":-4.755631446838379,"y":3.0299999713897707,"z":1.3949756622314454},"rotation":{"x":-0.357669472694397,"y":-0.5030685067176819,"z":0.238618865609169,"w":-0.7500767111778259},"size":2.8578836917877199,"orthographic":false}