{"cameraMode":{"drawMode":0,"name":"Shaded","section":"Shading Mode"},"sceneLighting":false,"audioPlay":false,"sceneViewState":{"showFog":false,"showMaterialUpdate":false,"showSkybox":false,"showFlares":false,"showImageEffects":false,"showParticleSystems":false},"in2DMode":false,"pivot":{"x":0.029593467712402345,"y":1.862945318222046,"z":-0.5141787528991699},"rotation":{"x":0.0001584551646374166,"y":0.9997334480285645,"z":-0.003313666908070445,"w":0.02579524926841259},"size":9.449398040771485,"orthographic":false}