{"cameraMode":{"drawMode":0,"name":"Shaded","section":"Shading Mode"},"sceneLighting":false,"audioPlay":false,"sceneViewState":{"showFog":false,"showMaterialUpdate":false,"showSkybox":false,"showFlares":false,"showImageEffects":false,"showParticleSystems":false},"in2DMode":false,"pivot":{"x":2.1355719566345217,"y":-0.0730290412902832,"z":-0.5917062163352966},"rotation":{"x":-0.27107521891593935,"y":-0.6689826846122742,"z":0.28649285435676577,"w":-0.6304051876068115},"size":9.232335090637207,"orthographic":false}