{"cameraMode":{"drawMode":0,"name":"Shaded","section":"Shading Mode"},"sceneLighting":true,"audioPlay":false,"sceneViewState":{"showFog":false,"showMaterialUpdate":false,"showSkybox":false,"showFlares":false,"showImageEffects":false,"showParticleSystems":false},"in2DMode":false,"pivot":{"x":13.571468353271485,"y":-0.6947517395019531,"z":5.771202087402344},"rotation":{"x":-0.25537943840026858,"y":0.17864307761192323,"z":-0.04825245961546898,"w":-0.9493535161018372},"size":65.38945770263672,"orthographic":false}